id,title,link,item_group_id,color,material,image_count,additional_image_count,flags
atlas-sectional--taupe,Arva Atlas Modular Sectional Sofa – Cloud Style – Washable Fabric – Taupe,https://livearva.com/products/atlas-sectional,atlas-sectional,Taupe,Performance Fabric,1,7,
atlas-sectional--ivory,Arva Atlas Modular Sectional Sofa – Cloud Style – Washable Fabric – Ivory,https://livearva.com/products/atlas-sectional,atlas-sectional,Ivory,Performance Fabric,1,7,
atlas-sectional--beige,Arva Atlas Modular Sectional Sofa – Cloud Style – Washable Fabric – Beige,https://livearva.com/products/atlas-sectional,atlas-sectional,Beige,Performance Fabric,1,7,
atlas-sectional--light-gray,Arva Atlas Modular Sectional Sofa – Cloud Style – Washable Fabric – Light Gray,https://livearva.com/products/atlas-sectional,atlas-sectional,Light Gray,Performance Fabric,1,7,
atlas-sectional--charcoal,Arva Atlas Modular Sectional Sofa – Cloud Style – Washable Fabric – Charcoal,https://livearva.com/products/atlas-sectional,atlas-sectional,Charcoal,Performance Fabric,1,7,
atlas-sectional--camel,Arva Atlas Modular Sectional Sofa – Cloud Style – Washable Fabric – Camel,https://livearva.com/products/atlas-sectional,atlas-sectional,Camel,Performance Fabric,1,7,
atlas-sectional--warm-sand,Arva Atlas Modular Sectional Sofa – Cloud Style – Washable Fabric – Warm Sand,https://livearva.com/products/atlas-sectional,atlas-sectional,Warm Sand,Performance Fabric,1,7,
atlas-sectional--stone,Arva Atlas Modular Sectional Sofa – Cloud Style – Washable Fabric – Stone,https://livearva.com/products/atlas-sectional,atlas-sectional,Stone,Performance Fabric,1,7,
atlas-sectional--olive-green,Arva Atlas Modular Sectional Sofa – Cloud Style – Washable Fabric – Olive Green,https://livearva.com/products/atlas-sectional,atlas-sectional,Olive Green,Performance Fabric,1,7,
atlas-sectional--sage-green,Arva Atlas Modular Sectional Sofa – Cloud Style – Washable Fabric – Sage Green,https://livearva.com/products/atlas-sectional,atlas-sectional,Sage Green,Performance Fabric,1,7,
atlas-sectional--terracotta,Arva Atlas Modular Sectional Sofa – Cloud Style – Washable Fabric – Terracotta,https://livearva.com/products/atlas-sectional,atlas-sectional,Terracotta,Performance Fabric,1,7,
atlas-sectional--rust,Arva Atlas Modular Sectional Sofa – Cloud Style – Washable Fabric – Rust,https://livearva.com/products/atlas-sectional,atlas-sectional,Rust,Performance Fabric,1,7,
atlas-sectional--inky-blue,Arva Atlas Modular Sectional Sofa – Cloud Style – Washable Fabric – Inky Blue,https://livearva.com/products/atlas-sectional,atlas-sectional,Inky Blue,Performance Fabric,1,7,
atlas-3-seater--taupe,Arva Atlas Modular 3 Seat Sofa – Cloud Style – Washable Fabric – Taupe,https://livearva.com/products/atlas-3-seater,atlas-3-seat,Taupe,Performance Fabric,1,6,
atlas-3-seater--ivory,Arva Atlas Modular 3 Seat Sofa – Cloud Style – Washable Fabric – Ivory,https://livearva.com/products/atlas-3-seater,atlas-3-seat,Ivory,Performance Fabric,1,6,
atlas-3-seater--beige,Arva Atlas Modular 3 Seat Sofa – Cloud Style – Washable Fabric – Beige,https://livearva.com/products/atlas-3-seater,atlas-3-seat,Beige,Performance Fabric,1,6,
atlas-3-seater--light-gray,Arva Atlas Modular 3 Seat Sofa – Cloud Style – Washable Fabric – Light Gray,https://livearva.com/products/atlas-3-seater,atlas-3-seat,Light Gray,Performance Fabric,1,6,
atlas-3-seater--charcoal,Arva Atlas Modular 3 Seat Sofa – Cloud Style – Washable Fabric – Charcoal,https://livearva.com/products/atlas-3-seater,atlas-3-seat,Charcoal,Performance Fabric,1,6,
atlas-3-seater--camel,Arva Atlas Modular 3 Seat Sofa – Cloud Style – Washable Fabric – Camel,https://livearva.com/products/atlas-3-seater,atlas-3-seat,Camel,Performance Fabric,1,6,
atlas-3-seater--warm-sand,Arva Atlas Modular 3 Seat Sofa – Cloud Style – Washable Fabric – Warm Sand,https://livearva.com/products/atlas-3-seater,atlas-3-seat,Warm Sand,Performance Fabric,1,6,
atlas-3-seater--stone,Arva Atlas Modular 3 Seat Sofa – Cloud Style – Washable Fabric – Stone,https://livearva.com/products/atlas-3-seater,atlas-3-seat,Stone,Performance Fabric,1,6,
atlas-3-seater--olive-green,Arva Atlas Modular 3 Seat Sofa – Cloud Style – Washable Fabric – Olive Green,https://livearva.com/products/atlas-3-seater,atlas-3-seat,Olive Green,Performance Fabric,1,6,
atlas-3-seater--sage-green,Arva Atlas Modular 3 Seat Sofa – Cloud Style – Washable Fabric – Sage Green,https://livearva.com/products/atlas-3-seater,atlas-3-seat,Sage Green,Performance Fabric,1,6,
atlas-3-seater--terracotta,Arva Atlas Modular 3 Seat Sofa – Cloud Style – Washable Fabric – Terracotta,https://livearva.com/products/atlas-3-seater,atlas-3-seat,Terracotta,Performance Fabric,1,6,
atlas-3-seater--rust,Arva Atlas Modular 3 Seat Sofa – Cloud Style – Washable Fabric – Rust,https://livearva.com/products/atlas-3-seater,atlas-3-seat,Rust,Performance Fabric,1,6,
atlas-3-seater--inky-blue,Arva Atlas Modular 3 Seat Sofa – Cloud Style – Washable Fabric – Inky Blue,https://livearva.com/products/atlas-3-seater,atlas-3-seat,Inky Blue,Performance Fabric,1,6,
atlas-loveseat--taupe,Arva Atlas Modular Loveseat – Cloud Style – Washable Fabric – Taupe,https://livearva.com/products/atlas-loveseat,atlas-loveseat,Taupe,Performance Fabric,1,4,
atlas-loveseat--ivory,Arva Atlas Modular Loveseat – Cloud Style – Washable Fabric – Ivory,https://livearva.com/products/atlas-loveseat,atlas-loveseat,Ivory,Performance Fabric,1,4,
atlas-loveseat--beige,Arva Atlas Modular Loveseat – Cloud Style – Washable Fabric – Beige,https://livearva.com/products/atlas-loveseat,atlas-loveseat,Beige,Performance Fabric,1,4,
atlas-loveseat--light-gray,Arva Atlas Modular Loveseat – Cloud Style – Washable Fabric – Light Gray,https://livearva.com/products/atlas-loveseat,atlas-loveseat,Light Gray,Performance Fabric,1,4,
atlas-loveseat--charcoal,Arva Atlas Modular Loveseat – Cloud Style – Washable Fabric – Charcoal,https://livearva.com/products/atlas-loveseat,atlas-loveseat,Charcoal,Performance Fabric,1,4,
atlas-loveseat--camel,Arva Atlas Modular Loveseat – Cloud Style – Washable Fabric – Camel,https://livearva.com/products/atlas-loveseat,atlas-loveseat,Camel,Performance Fabric,1,4,
atlas-loveseat--warm-sand,Arva Atlas Modular Loveseat – Cloud Style – Washable Fabric – Warm Sand,https://livearva.com/products/atlas-loveseat,atlas-loveseat,Warm Sand,Performance Fabric,1,4,
atlas-loveseat--stone,Arva Atlas Modular Loveseat – Cloud Style – Washable Fabric – Stone,https://livearva.com/products/atlas-loveseat,atlas-loveseat,Stone,Performance Fabric,1,4,
atlas-loveseat--olive-green,Arva Atlas Modular Loveseat – Cloud Style – Washable Fabric – Olive Green,https://livearva.com/products/atlas-loveseat,atlas-loveseat,Olive Green,Performance Fabric,1,4,
atlas-loveseat--sage-green,Arva Atlas Modular Loveseat – Cloud Style – Washable Fabric – Sage Green,https://livearva.com/products/atlas-loveseat,atlas-loveseat,Sage Green,Performance Fabric,1,4,
atlas-loveseat--terracotta,Arva Atlas Modular Loveseat – Cloud Style – Washable Fabric – Terracotta,https://livearva.com/products/atlas-loveseat,atlas-loveseat,Terracotta,Performance Fabric,1,4,
atlas-loveseat--rust,Arva Atlas Modular Loveseat – Cloud Style – Washable Fabric – Rust,https://livearva.com/products/atlas-loveseat,atlas-loveseat,Rust,Performance Fabric,1,4,
atlas-loveseat--inky-blue,Arva Atlas Modular Loveseat – Cloud Style – Washable Fabric – Inky Blue,https://livearva.com/products/atlas-loveseat,atlas-loveseat,Inky Blue,Performance Fabric,1,4,
alto-sectional--taupe,Arva Alto Modular Sectional Sofa – Cloud Style – Washable Fabric – Taupe,https://livearva.com/products/alto-sectional,alto-sectional,Taupe,Performance Fabric,1,6,
alto-sectional--ivory,Arva Alto Modular Sectional Sofa – Cloud Style – Washable Fabric – Ivory,https://livearva.com/products/alto-sectional,alto-sectional,Ivory,Performance Fabric,1,6,
alto-sectional--beige,Arva Alto Modular Sectional Sofa – Cloud Style – Washable Fabric – Beige,https://livearva.com/products/alto-sectional,alto-sectional,Beige,Performance Fabric,1,6,
alto-sectional--light-gray,Arva Alto Modular Sectional Sofa – Cloud Style – Washable Fabric – Light Gray,https://livearva.com/products/alto-sectional,alto-sectional,Light Gray,Performance Fabric,1,6,
alto-sectional--charcoal,Arva Alto Modular Sectional Sofa – Cloud Style – Washable Fabric – Charcoal,https://livearva.com/products/alto-sectional,alto-sectional,Charcoal,Performance Fabric,1,6,
alto-sectional--camel,Arva Alto Modular Sectional Sofa – Cloud Style – Washable Fabric – Camel,https://livearva.com/products/alto-sectional,alto-sectional,Camel,Performance Fabric,1,6,
alto-sectional--warm-sand,Arva Alto Modular Sectional Sofa – Cloud Style – Washable Fabric – Warm Sand,https://livearva.com/products/alto-sectional,alto-sectional,Warm Sand,Performance Fabric,1,6,
alto-sectional--stone,Arva Alto Modular Sectional Sofa – Cloud Style – Washable Fabric – Stone,https://livearva.com/products/alto-sectional,alto-sectional,Stone,Performance Fabric,1,6,
alto-sectional--olive-green,Arva Alto Modular Sectional Sofa – Cloud Style – Washable Fabric – Olive Green,https://livearva.com/products/alto-sectional,alto-sectional,Olive Green,Performance Fabric,1,6,
alto-sectional--sage-green,Arva Alto Modular Sectional Sofa – Cloud Style – Washable Fabric – Sage Green,https://livearva.com/products/alto-sectional,alto-sectional,Sage Green,Performance Fabric,1,6,
alto-sectional--terracotta,Arva Alto Modular Sectional Sofa – Cloud Style – Washable Fabric – Terracotta,https://livearva.com/products/alto-sectional,alto-sectional,Terracotta,Performance Fabric,1,6,
alto-sectional--rust,Arva Alto Modular Sectional Sofa – Cloud Style – Washable Fabric – Rust,https://livearva.com/products/alto-sectional,alto-sectional,Rust,Performance Fabric,1,6,
alto-sectional--inky-blue,Arva Alto Modular Sectional Sofa – Cloud Style – Washable Fabric – Inky Blue,https://livearva.com/products/alto-sectional,alto-sectional,Inky Blue,Performance Fabric,1,6,
alto-3-seater--taupe,Arva Alto Modular 3 Seat Sofa – Cloud Style – Washable Fabric – Taupe,https://livearva.com/products/alto-3-seater,alto-3-seat,Taupe,Performance Fabric,1,4,
alto-3-seater--ivory,Arva Alto Modular 3 Seat Sofa – Cloud Style – Washable Fabric – Ivory,https://livearva.com/products/alto-3-seater,alto-3-seat,Ivory,Performance Fabric,1,4,
alto-3-seater--beige,Arva Alto Modular 3 Seat Sofa – Cloud Style – Washable Fabric – Beige,https://livearva.com/products/alto-3-seater,alto-3-seat,Beige,Performance Fabric,1,4,
alto-3-seater--light-gray,Arva Alto Modular 3 Seat Sofa – Cloud Style – Washable Fabric – Light Gray,https://livearva.com/products/alto-3-seater,alto-3-seat,Light Gray,Performance Fabric,1,4,
alto-3-seater--charcoal,Arva Alto Modular 3 Seat Sofa – Cloud Style – Washable Fabric – Charcoal,https://livearva.com/products/alto-3-seater,alto-3-seat,Charcoal,Performance Fabric,1,4,
alto-3-seater--camel,Arva Alto Modular 3 Seat Sofa – Cloud Style – Washable Fabric – Camel,https://livearva.com/products/alto-3-seater,alto-3-seat,Camel,Performance Fabric,1,4,
alto-3-seater--warm-sand,Arva Alto Modular 3 Seat Sofa – Cloud Style – Washable Fabric – Warm Sand,https://livearva.com/products/alto-3-seater,alto-3-seat,Warm Sand,Performance Fabric,1,4,
alto-3-seater--stone,Arva Alto Modular 3 Seat Sofa – Cloud Style – Washable Fabric – Stone,https://livearva.com/products/alto-3-seater,alto-3-seat,Stone,Performance Fabric,1,4,
alto-3-seater--olive-green,Arva Alto Modular 3 Seat Sofa – Cloud Style – Washable Fabric – Olive Green,https://livearva.com/products/alto-3-seater,alto-3-seat,Olive Green,Performance Fabric,1,4,
alto-3-seater--sage-green,Arva Alto Modular 3 Seat Sofa – Cloud Style – Washable Fabric – Sage Green,https://livearva.com/products/alto-3-seater,alto-3-seat,Sage Green,Performance Fabric,1,4,
alto-3-seater--terracotta,Arva Alto Modular 3 Seat Sofa – Cloud Style – Washable Fabric – Terracotta,https://livearva.com/products/alto-3-seater,alto-3-seat,Terracotta,Performance Fabric,1,4,
alto-3-seater--rust,Arva Alto Modular 3 Seat Sofa – Cloud Style – Washable Fabric – Rust,https://livearva.com/products/alto-3-seater,alto-3-seat,Rust,Performance Fabric,1,4,
alto-3-seater--inky-blue,Arva Alto Modular 3 Seat Sofa – Cloud Style – Washable Fabric – Inky Blue,https://livearva.com/products/alto-3-seater,alto-3-seat,Inky Blue,Performance Fabric,1,4,
alto-loveseat--taupe,Arva Alto Modular Loveseat – Cloud Style – Washable Fabric – Taupe,https://livearva.com/products/alto-loveseat,alto-loveseat,Taupe,Performance Fabric,1,6,
alto-loveseat--ivory,Arva Alto Modular Loveseat – Cloud Style – Washable Fabric – Ivory,https://livearva.com/products/alto-loveseat,alto-loveseat,Ivory,Performance Fabric,1,6,
alto-loveseat--beige,Arva Alto Modular Loveseat – Cloud Style – Washable Fabric – Beige,https://livearva.com/products/alto-loveseat,alto-loveseat,Beige,Performance Fabric,1,6,
alto-loveseat--light-gray,Arva Alto Modular Loveseat – Cloud Style – Washable Fabric – Light Gray,https://livearva.com/products/alto-loveseat,alto-loveseat,Light Gray,Performance Fabric,1,6,
alto-loveseat--charcoal,Arva Alto Modular Loveseat – Cloud Style – Washable Fabric – Charcoal,https://livearva.com/products/alto-loveseat,alto-loveseat,Charcoal,Performance Fabric,1,6,
alto-loveseat--camel,Arva Alto Modular Loveseat – Cloud Style – Washable Fabric – Camel,https://livearva.com/products/alto-loveseat,alto-loveseat,Camel,Performance Fabric,1,6,
alto-loveseat--warm-sand,Arva Alto Modular Loveseat – Cloud Style – Washable Fabric – Warm Sand,https://livearva.com/products/alto-loveseat,alto-loveseat,Warm Sand,Performance Fabric,1,6,
alto-loveseat--stone,Arva Alto Modular Loveseat – Cloud Style – Washable Fabric – Stone,https://livearva.com/products/alto-loveseat,alto-loveseat,Stone,Performance Fabric,1,6,
alto-loveseat--olive-green,Arva Alto Modular Loveseat – Cloud Style – Washable Fabric – Olive Green,https://livearva.com/products/alto-loveseat,alto-loveseat,Olive Green,Performance Fabric,1,6,
alto-loveseat--sage-green,Arva Alto Modular Loveseat – Cloud Style – Washable Fabric – Sage Green,https://livearva.com/products/alto-loveseat,alto-loveseat,Sage Green,Performance Fabric,1,6,
alto-loveseat--terracotta,Arva Alto Modular Loveseat – Cloud Style – Washable Fabric – Terracotta,https://livearva.com/products/alto-loveseat,alto-loveseat,Terracotta,Performance Fabric,1,6,
alto-loveseat--rust,Arva Alto Modular Loveseat – Cloud Style – Washable Fabric – Rust,https://livearva.com/products/alto-loveseat,alto-loveseat,Rust,Performance Fabric,1,6,
alto-loveseat--inky-blue,Arva Alto Modular Loveseat – Cloud Style – Washable Fabric – Inky Blue,https://livearva.com/products/alto-loveseat,alto-loveseat,Inky Blue,Performance Fabric,1,6,
oris-sectional--taupe,Arva Oris Modular Sectional Sofa – Cloud Style – Washable Fabric – Taupe,https://livearva.com/products/oris-sectional,oris-sectional,Taupe,weather-resistant performance weave fabric,1,7,
oris-sectional--ivory,Arva Oris Modular Sectional Sofa – Cloud Style – Washable Fabric – Ivory,https://livearva.com/products/oris-sectional,oris-sectional,Ivory,weather-resistant performance weave fabric,1,7,
oris-sectional--beige,Arva Oris Modular Sectional Sofa – Cloud Style – Washable Fabric – Beige,https://livearva.com/products/oris-sectional,oris-sectional,Beige,weather-resistant performance weave fabric,1,7,
oris-sectional--light-gray,Arva Oris Modular Sectional Sofa – Cloud Style – Washable Fabric – Light Gray,https://livearva.com/products/oris-sectional,oris-sectional,Light Gray,weather-resistant performance weave fabric,1,7,
oris-sectional--charcoal,Arva Oris Modular Sectional Sofa – Cloud Style – Washable Fabric – Charcoal,https://livearva.com/products/oris-sectional,oris-sectional,Charcoal,weather-resistant performance weave fabric,1,7,
oris-sectional--camel,Arva Oris Modular Sectional Sofa – Cloud Style – Washable Fabric – Camel,https://livearva.com/products/oris-sectional,oris-sectional,Camel,weather-resistant performance weave fabric,1,7,
oris-sectional--warm-sand,Arva Oris Modular Sectional Sofa – Cloud Style – Washable Fabric – Warm Sand,https://livearva.com/products/oris-sectional,oris-sectional,Warm Sand,weather-resistant performance weave fabric,1,7,
oris-sectional--stone,Arva Oris Modular Sectional Sofa – Cloud Style – Washable Fabric – Stone,https://livearva.com/products/oris-sectional,oris-sectional,Stone,weather-resistant performance weave fabric,1,7,
oris-sectional--olive-green,Arva Oris Modular Sectional Sofa – Cloud Style – Washable Fabric – Olive Green,https://livearva.com/products/oris-sectional,oris-sectional,Olive Green,weather-resistant performance weave fabric,1,7,
oris-sectional--sage-green,Arva Oris Modular Sectional Sofa – Cloud Style – Washable Fabric – Sage Green,https://livearva.com/products/oris-sectional,oris-sectional,Sage Green,weather-resistant performance weave fabric,1,7,
oris-sectional--terracotta,Arva Oris Modular Sectional Sofa – Cloud Style – Washable Fabric – Terracotta,https://livearva.com/products/oris-sectional,oris-sectional,Terracotta,weather-resistant performance weave fabric,1,7,
oris-sectional--rust,Arva Oris Modular Sectional Sofa – Cloud Style – Washable Fabric – Rust,https://livearva.com/products/oris-sectional,oris-sectional,Rust,weather-resistant performance weave fabric,1,7,
oris-sectional--inky-blue,Arva Oris Modular Sectional Sofa – Cloud Style – Washable Fabric – Inky Blue,https://livearva.com/products/oris-sectional,oris-sectional,Inky Blue,weather-resistant performance weave fabric,1,7,
oris-3-seater--taupe,Arva Oris Modular 3 Seat Sofa – Cloud Style – Washable Fabric – Taupe,https://livearva.com/products/oris-3-seater,oris-3-seat,Taupe,weather-resistant performance weave fabric,1,6,
oris-3-seater--ivory,Arva Oris Modular 3 Seat Sofa – Cloud Style – Washable Fabric – Ivory,https://livearva.com/products/oris-3-seater,oris-3-seat,Ivory,weather-resistant performance weave fabric,1,6,
oris-3-seater--beige,Arva Oris Modular 3 Seat Sofa – Cloud Style – Washable Fabric – Beige,https://livearva.com/products/oris-3-seater,oris-3-seat,Beige,weather-resistant performance weave fabric,1,6,
oris-3-seater--light-gray,Arva Oris Modular 3 Seat Sofa – Cloud Style – Washable Fabric – Light Gray,https://livearva.com/products/oris-3-seater,oris-3-seat,Light Gray,weather-resistant performance weave fabric,1,6,
oris-3-seater--charcoal,Arva Oris Modular 3 Seat Sofa – Cloud Style – Washable Fabric – Charcoal,https://livearva.com/products/oris-3-seater,oris-3-seat,Charcoal,weather-resistant performance weave fabric,1,6,
oris-3-seater--camel,Arva Oris Modular 3 Seat Sofa – Cloud Style – Washable Fabric – Camel,https://livearva.com/products/oris-3-seater,oris-3-seat,Camel,weather-resistant performance weave fabric,1,6,
oris-3-seater--warm-sand,Arva Oris Modular 3 Seat Sofa – Cloud Style – Washable Fabric – Warm Sand,https://livearva.com/products/oris-3-seater,oris-3-seat,Warm Sand,weather-resistant performance weave fabric,1,6,
oris-3-seater--stone,Arva Oris Modular 3 Seat Sofa – Cloud Style – Washable Fabric – Stone,https://livearva.com/products/oris-3-seater,oris-3-seat,Stone,weather-resistant performance weave fabric,1,6,
oris-3-seater--olive-green,Arva Oris Modular 3 Seat Sofa – Cloud Style – Washable Fabric – Olive Green,https://livearva.com/products/oris-3-seater,oris-3-seat,Olive Green,weather-resistant performance weave fabric,1,6,
oris-3-seater--sage-green,Arva Oris Modular 3 Seat Sofa – Cloud Style – Washable Fabric – Sage Green,https://livearva.com/products/oris-3-seater,oris-3-seat,Sage Green,weather-resistant performance weave fabric,1,6,
oris-3-seater--terracotta,Arva Oris Modular 3 Seat Sofa – Cloud Style – Washable Fabric – Terracotta,https://livearva.com/products/oris-3-seater,oris-3-seat,Terracotta,weather-resistant performance weave fabric,1,6,
oris-3-seater--rust,Arva Oris Modular 3 Seat Sofa – Cloud Style – Washable Fabric – Rust,https://livearva.com/products/oris-3-seater,oris-3-seat,Rust,weather-resistant performance weave fabric,1,6,
oris-3-seater--inky-blue,Arva Oris Modular 3 Seat Sofa – Cloud Style – Washable Fabric – Inky Blue,https://livearva.com/products/oris-3-seater,oris-3-seat,Inky Blue,weather-resistant performance weave fabric,1,6,
oris-loveseat--taupe,Arva Oris Modular Loveseat – Cloud Style – Washable Fabric – Taupe,https://livearva.com/products/oris-loveseat,oris-loveseat,Taupe,weather-resistant performance weave fabric,1,4,
oris-loveseat--ivory,Arva Oris Modular Loveseat – Cloud Style – Washable Fabric – Ivory,https://livearva.com/products/oris-loveseat,oris-loveseat,Ivory,weather-resistant performance weave fabric,1,4,
oris-loveseat--beige,Arva Oris Modular Loveseat – Cloud Style – Washable Fabric – Beige,https://livearva.com/products/oris-loveseat,oris-loveseat,Beige,weather-resistant performance weave fabric,1,4,
oris-loveseat--light-gray,Arva Oris Modular Loveseat – Cloud Style – Washable Fabric – Light Gray,https://livearva.com/products/oris-loveseat,oris-loveseat,Light Gray,weather-resistant performance weave fabric,1,4,
oris-loveseat--charcoal,Arva Oris Modular Loveseat – Cloud Style – Washable Fabric – Charcoal,https://livearva.com/products/oris-loveseat,oris-loveseat,Charcoal,weather-resistant performance weave fabric,1,4,
oris-loveseat--camel,Arva Oris Modular Loveseat – Cloud Style – Washable Fabric – Camel,https://livearva.com/products/oris-loveseat,oris-loveseat,Camel,weather-resistant performance weave fabric,1,4,
oris-loveseat--warm-sand,Arva Oris Modular Loveseat – Cloud Style – Washable Fabric – Warm Sand,https://livearva.com/products/oris-loveseat,oris-loveseat,Warm Sand,weather-resistant performance weave fabric,1,4,
oris-loveseat--stone,Arva Oris Modular Loveseat – Cloud Style – Washable Fabric – Stone,https://livearva.com/products/oris-loveseat,oris-loveseat,Stone,weather-resistant performance weave fabric,1,4,
oris-loveseat--olive-green,Arva Oris Modular Loveseat – Cloud Style – Washable Fabric – Olive Green,https://livearva.com/products/oris-loveseat,oris-loveseat,Olive Green,weather-resistant performance weave fabric,1,4,
oris-loveseat--sage-green,Arva Oris Modular Loveseat – Cloud Style – Washable Fabric – Sage Green,https://livearva.com/products/oris-loveseat,oris-loveseat,Sage Green,weather-resistant performance weave fabric,1,4,
oris-loveseat--terracotta,Arva Oris Modular Loveseat – Cloud Style – Washable Fabric – Terracotta,https://livearva.com/products/oris-loveseat,oris-loveseat,Terracotta,weather-resistant performance weave fabric,1,4,
oris-loveseat--rust,Arva Oris Modular Loveseat – Cloud Style – Washable Fabric – Rust,https://livearva.com/products/oris-loveseat,oris-loveseat,Rust,weather-resistant performance weave fabric,1,4,
oris-loveseat--inky-blue,Arva Oris Modular Loveseat – Cloud Style – Washable Fabric – Inky Blue,https://livearva.com/products/oris-loveseat,oris-loveseat,Inky Blue,weather-resistant performance weave fabric,1,4,
